ciphertext,response
24899,20333
36940,44272
17188,29679
50084,23768
30270,63077
47358,11216
5807,2668
23311,21950
15546,61917
34905,7359
28201,21707
34046,54972
50796,20356
21426,14627
18732,58025
33571,29567
11632,9553
3731,36990
11446,9271
63838,38370
60963,59137
56633,5315
19127,12924
50991,16658
37083,31525
24350,24134
3164,10406
7878,37564
14929,50261
12836,40377
28198,20848
35575,37082
56990,58532
52323,5701
46184,27861
20965,42331
24183,24730
52783,28148
55555,2226
62381,29647
55779,47625
59910,35009
40176,56304
31160,45479
29564,56247
25908,40153
36222,3099
5369,33980
38263,5941
22380,25898
50489,39248
41121,49602
63656,11953
17244,45547
16015,27253
35448,4955
36806,35824
17475,40605
53001,60988
15519,2916
16407,3192
63558,49942
22594,38969
52644,49709
54652,52470
52900,36098
53046,64152
16388,63539
30065,54223
50774,50082
49,60848
37523,34696
23273,15834
38360,37052
21242,21630
31784,56519
2349,38149
51343,5604
47330,56165
5035,61727
57922,1290
41017,33622
56431,29224
13683,59119
32846,6309
35922,11708
57213,49466
47345,29091
13853,25128
63455,52431
47918,48801
39800,27802
55583,54134
16689,52412
684,59035
40878,12835
17334,45161
32548,61637
8310,56880
44341,26591
13279,41286
12613,49247
40536,21680
25825,39071
55086,4492
23239,40423
359,21151
25300,44304
46600,37886
58931,24119
32990,26916
22019,17369
20405,42996
3357,32655
5111,5340
62974,16412
56638,63614
4452,60502
10125,46080
28239,35333
22014,1933
43063,32320
62688,3695
2990,46072
36295,16048
19996,60022
30257,6544
49665,17540
44121,4776
9418,63693
33610,50322
33967,51313
11421,57887
11032,26433
34713,41048
57107,62554
38861,35750
27065,55124
12300,4770
6512,27317
6611,2406
699,42693
59238,59495
44616,10974
10831,63846
32501,48811
42055,22441
36385,3267
21705,60579
61070,18773
32997,53791
56484,57166
11850,20247
22848,5339
25158,31667
31757,41354
43711,12277
6963,38804
48934,3500
31738,19998
33875,29873
41304,29952
37099,4412
21118,41824
32205,14004
64268,64178
40792,41470
22940,25487
6701,31392
1753,9474
8509,53400
15541,55648
31468,58439
43423,24849
18356,41194
10969,17435
51782,63486
7961,7004
48807,23241
36206,62318
30373,39415
19917,642
20106,40803
51703,50664
22120,8923
16042,14446
50407,49555
42569,64332
52957,51642
42136,10153
29536,7672
6154,33438
49057,16735
14269,56885
10046,28416
60524,28142
42738,4778
57194,22432
39610,61969
47229,48237
7830,52565
21423,46073
61293,49553
19782,57068
29482,34064
39063,34180
28677,20131
41283,11634
56910,37584
8950,35878
28598,11215
64260,20897
42778,4083
46436,503
5918,50872
469,2982
48761,8600
4282,23826
28925,43462
16883,13794
18487,4386
39095,3217
15679,20305
21202,47159
16618,19200
45520,64126
35538,12562
50231,52656
52968,63069
24312,14090
15519,2916
30759,54987
43103,60792
55371,11279
30583,27756
64500,18004
18206,18098
47507,14316
60665,52
38858,18414
32262,17596
52051,6802
46491,11975
25602,37901
33640,40464
33627,10474
28310,33216
56464,5759
16716,17395
12239,20041
42462,45025
50034,28259
44814,3586
44573,43209
5352,18402
61423,48059
59336,60005
40065,14250
3791,19468
51695,60728
9733,11117
19977,31473
19411,15027
58973,8361
26942,2657
4679,17322
50370,7451
47601,31756
47066,7664
53137,59101
18229,49673
53132,3554
51372,29354
53647,56158
16167,6428
57720,51961
5640,29840
42501,15922
61326,4878
6617,36213
1762,20707
11124,47148
40512,47614
21109,15374
41747,54546
10578,6574
44229,15478
5067,22499
259,21847
40783,56671
15619,12736
232,50314
23758,11665
34633,38027
49823,2102
56162,2691
24015,3184
26688,50309
44429,44686
55789,17636
36061,63490
37279,30812
61080,62882
25123,27252
34759,5718
22878,40389
45198,20337
60793,47060
54259,45778
26045,17856
45555,51011
63232,62531
41764,55817
29912,15909
3033,20907
41845,38772
25365,32421
29206,13551
2329,52187
9801,41588
48830,3084
26169,62349
30188,44185
49405,7440
54424,57885
35404,45480
34091,60962
40149,18811
34616,20219
18127,48436
20669,45563
55258,21427
4846,45379
17040,19493
55205,37920
2052,38546
36826,24072
38795,39965
22413,2083
46232,20359
56173,13933
24865,6104
21842,63126
16761,61568
31543,28852
3221,55632
36548,37806
38642,21915
34634,7466
9237,10038
14395,23483
15740,41881
16900,43938
20137,59924
207,30981
38447,29510
58833,34021
13544,26108
22809,39771
63558,49942
16261,15585
4385,30342
26856,26856
52494,25568
14309,15570
60229,29855
61220,57852
25458,30311
18025,59578
42487,41675
5779,44982
30640,41170
27872,12564
16139,25235
59443,41272
58363,19015
44728,61246
33641,50268
46464,21999
36865,11408
11286,17381
43185,14356
37373,23955
31065,13589
35939,44826
41857,50663
45388,63658
4207,10001
62874,58039
30829,33491
22585,21712
3950,33645
52442,56769
50680,20470
62141,17630
39072,11830
39389,24090
9900,25017
33819,63012
55157,3463
37788,5875
19799,3164
14009,56817
15717,63028
14976,59018
62959,4177
8177,11214
51882,49312
21295,47946
18515,26390
15942,5405
63410,29160
37957,54143
23189,25265
47224,47738
33975,35890
33990,57693
55197,63108
6153,58868
8338,6268
11296,26858
11174,59793
40200,8278
12617,35206
46261,8482
35062,41579
49094,44447
43969,2151
29009,25411
16003,13759
24627,11206
36570,26623
25642,15306
7227,64383
29002,16082
43281,47498
3876,63420
7920,28947
34562,53731
8305,58093
7948,56759
26503,2859
5739,21679
39109,10382
42203,26572
14426,26694
61075,27970
21683,18739
8069,28090
12400,37072
15934,51400
49577,45235
14217,41418
19674,38878
38157,10416
62112,52387
10773,31156
38647,50634
47703,5822
55274,51181
43548,39250
50655,53303
56261,13783
61489,14003
11265,56627
26873,58563
38650,30558
34058,46348
28944,48825
14474,42703
41790,48752
55526,33125
7116,32770
37567,48932
61492,35604
28100,32457
52976,32862
27500,13108
21147,61797
36843,8808
31407,55358
38023,17938
61591,29340
32346,57198
51740,34545
35119,48369
46568,58763
45963,6876
25821,9902
47287,59623
27519,44107
7067,9894
43023,3243
29434,51521
4165,7299
61742,50638
3436,7945
62842,25531
52599,50032
45057,298
54479,41337
44456,51617
38824,40332
13219,33
45487,7708
53430,24568
243,41405
58229,28325
48412,2815
10077,51684
61959,45841
21698,31042
53686,34553
17387,30882
29456,8906
29242,34293
63492,61732
9825,52507
58510,42322
31202,27195
28835,31778
37551,45546
10259,2372
19737,43996
40765,12201
56297,45718
25009,24027
17753,46677
6241,63596
11731,2270
28563,33009
43128,4375
9364,50148
56760,54374
17586,37981
10335,1900
34148,58405
16583,29324
20472,61300
35732,33631
36994,59652
49890,32414
9186,40738
38648,35087
5033,63050
55135,20937
35139,28362
7419,12884
40962,54573
51563,42988
47641,17464
58523,47685
27220,11213
36309,43659
58029,59264
60433,27318
64273,24304
16947,44733
41659,59168
21371,31674
58817,5284
60607,61321
32718,23985
63458,60711
61097,5259
59445,30030
18987,381
26380,47502
19236,44609
20216,38475
22138,27612
49564,3488
35441,2512
63814,3302
15466,42697
36730,39123
49997,7809
42703,5803
31909,10429
27238,56279
33163,37345
24387,51199
28492,46820
43823,23112
54998,6939
13037,50721
37598,52837
11103,22053
10507,43206
49400,62339
60071,38763
17291,62163
17464,44848
17267,16442
37963,18644
38181,40573
34885,42104
8986,41413
6365,29615
40825,18685
59065,24056
42381,6685
33971,50466
36370,30308
55592,46129
23049,50104
20301,49599
1990,58728
2185,55898
5447,116
49916,58453
60892,56300
46271,41296
57472,39590
29147,32074
61365,56169
28206,57504
47927,51664
1102,5617
3237,612
31189,12149
3518,51017
20069,14795
42903,43417
59385,25371
45849,64038
28714,18339
21012,16182
58684,5520
18899,23920
50624,8698
44787,50510
39799,17877
54648,51225
35962,37851
28249,9054
60969,29238
62592,50658
22986,4688
43828,13640
27632,48555
57918,11997
6238,4791
936,13294
50701,1254
24862,36193
36692,63400
29530,17932
61804,54759
5130,948
55938,17353
637,54139
18189,46660
17381,2078
8269,58441
29563,53721
61555,44968
56195,30460
20284,37741
42429,53710
63782,23679
38094,4226
30507,30945
59021,299
26882,4581
15908,60548
39369,39315
12286,13505
18295,50366
61609,27592
21136,15686
28593,45357
35678,6323
50576,62091
53848,26
7469,40365
32085,30777
10365,20908
63397,19748
53662,12426
50375,50468
21279,1077
60333,9243
49714,833
3506,2500
51370,24702
52626,47723
57416,21284
48179,56677
10274,20625
38032,29808
28348,45450
36486,57046
29627,52397
51112,8605
57459,47471
56017,58375
44842,58100
55148,33752
29154,1347
42511,42097
62357,21143
47253,13153
45580,9809
49376,40638
44050,12895
19604,50341
38882,18932
7671,39212
10191,19060
25734,62160
22096,51465
58642,1577
62357,21143
30693,14080
36591,21593
35469,31964
43773,55105
5917,59045
15209,31646
54688,43073
27314,64476
51741,51421
335,218
48651,29773
47517,12135
34173,42397
15412,40084
49497,60493
42852,46987
30624,26363
13923,5242
61220,57852
43392,62302
41977,41203
37482,46197
30359,6102
20415,61713
28610,25036
51156,39630
47455,33463
34030,63171
45879,55494
10771,44315
27569,55677
45972,53066
43586,11406
40912,2509
36656,41913
47778,59627
33853,22452
48125,2695
36034,55025
28372,47879
37467,26113
59033,27136
5532,63248
58521,343
3826,15106
20765,19067
5549,58386
18613,12153
7343,34236
52887,22515
62650,25586
56792,54958
13978,40324
36917,54184
16624,45221
17497,54682
25132,39294
34736,62343
12300,4770
45805,59189
30199,57359
20603,60565
20889,62677
11658,64425
49698,10542
798,27641
3157,56143
19318,60051
54147,28915
20414,21097
12558,63011
60871,8919
14524,47281
44475,23873
2252,28797
46840,30708
60745,5058
3075,32932
29394,50103
38802,5871
15019,6230
17426,23785
11174,59793
41475,60530
9481,32695
5209,12731
47393,6378
59933,26679
25239,31457
35868,63189
3795,33984
20585,42206
42781,18742
33661,57633
23867,3375
61877,48633
12936,14732
58499,14387
35380,35126
10468,34814
9359,30755
10379,34527
43374,31018
47913,59904
50155,17539
48883,3444
40943,31223
2190,41465
18454,12991
50202,50961
28849,38574
64382,28520
59317,40490
55256,55770
50477,29508
51039,7294
32340,44322
941,953
43314,61185
14147,19145
64169,48562
10721,20700
15982,49338
13849,30012
57585,25683
10060,15530
62481,998
62557,25392
48864,30292
56382,30415
37978,24044
62862,52126
48439,940
46346,55852
46427,29608
43089,24083
45588,59713
26217,56122
41825,51275
57058,35470
15830,26312
61714,38516
60274,12457
59867,47573
27441,20189
53580,41138
32380,32380
33375,40652
34046,54972
42732,6847
48212,16032
24703,35856
27837,37019
52872,23222
13513,32585
4098,35751
43425,43682
58428,12808
27186,52797
962,55130
63302,16317
45798,5348
51644,63684
64176,32419
63728,48051
2474,61949
34229,41371
18752,61459
11123,6908
56790,25200
8183,16299
17983,26485
17028,59492
42510,26424
16843,26747
41280,46512
36921,8663
26085,42533
36683,60720
14348,20627
4749,5052
50429,57618
62357,21143
37384,23111
42603,11229
29111,30748
22952,3682
42589,23013
37987,19593
12098,63003
58299,37716
17179,42085
46505,47418
50742,50948
56202,6414
28122,61240
2419,63685
56335,19997
16828,4281
8524,14562
5491,37453
44198,55834
7350,35164
32141,33683
8361,30960
33280,27708
2117,3071
23892,48352
34843,39761
42173,13679
51668,10199
59189,11135
32884,39194
29222,63584
19253,22264
30290,44348
22362,2152
46795,48000
32451,10675
36420,22653
57943,10952
47264,42151
42682,11468
24141,22119
10700,52754
23160,33894
42497,54554
31939,17640
3009,16277
28671,32063
3846,12629
4031,42651
43270,28458
12974,27774
5929,32824
50108,34709
40376,60023
34693,10535
484,62995
54435,45293
15276,20365
36167,45324
2972,23097
31425,57732
57323,18631
45020,30942
41496,25681
899,49986
26887,9888
17311,39648
28644,50299
28084,21752
9918,36027
49738,5517
41519,7267
27049,9573
53616,60647
56006,50983
36258,55453
63889,46358
63100,26240
17393,29191
58047,29858
32759,32262
4013,34349
44545,40884
35417,24990
30901,25687
57600,28559
22322,38697
1924,22623
40576,30356
43229,57414
20391,61032
8248,12333
26786,58710
24443,54942
54516,24704
3147,50876
51165,34533
21445,57925
35258,22812
34260,41975
19306,23520
54846,46984
14607,64111
1949,40948
24075,33560
33008,49891
3210,25937
41780,53947
960,44786
7748,17038
37501,50431
52220,9962
14981,30240
8760,36332
53743,8194
54818,60758
16343,23177
56320,4993
32149,57051
13116,48794
41222,63042
22765,56743
13859,32858
21404,3715
4218,51349
48857,52570
34668,20932
11168,59294
37445,32276
60231,6086
19694,13129
20381,55473
6299,15440
41965,56503
41147,28155
13025,5870
43042,33579
36005,37066
22264,47053
58196,15263
36212,13563
14070,2803
60717,28551
21994,54944
49067,22456
45804,32496
15442,57920
26871,48987
509,4586
41178,61537
54537,16294
48553,25797
4751,53206
27183,52092
63764,45176
10318,3417
51619,40530
41890,25699
6817,52454
33752,59458
47543,21072
55846,62557
56906,38881
2037,30031
45850,14294
46287,54369
28554,46145
39627,15616
62684,21848
58948,23365
20364,12580
32082,43777
25292,25135
48753,56691
35413,62862
18695,45878
16334,42305
36075,3062
33750,63329
39433,4659
23006,32364
30204,8250
60006,40870
52210,6534
10999,39627
45197,6985
15324,12348
5950,13730
32048,27650
10515,8129
39832,49248
1400,21003
10637,46492
46844,48738
44098,58647
41912,61621
53011,15815
47136,7406
29190,37725
2824,38454
42427,50210
59590,58887
20218,18927
22439,38419
43491,27870
57234,38958
45367,59136
59031,52858
59345,49506
35661,27747
22359,41634
24347,40160
36173,52621
24555,46590
20111,61190
3687,30284
57696,9380
60124,27784
14927,1226
36901,31439
56745,46823
38077,30989
29167,59861
12700,60567
6856,53092
1692,56625
5772,25601
3411,51051
29429,23664
15201,42224
17333,19118
25605,43712
9594,36071
54998,6939
37734,35107
20953,62058
52978,57938
55315,37205
6762,6294
21108,17699
48937,35381
6122,48538
41842,13168
38600,28386
15121,61541
39637,25779
38442,39010
37689,45285
47286,14904
2613,10193
30789,29902
46087,56561
57889,11115
14239,57470
69,35090
54995,42309
27753,54902
15038,27749
46854,47928
16768,60385
3513,3764
45712,56574
6762,6294
22472,30902
11603,26290
54764,21734
43895,15212
38150,59981
57849,14646
14757,13932
62647,14405
35603,22736
28135,28758
21622,46483
5109,32249
33465,21946
48326,62274
23770,48810
59709,43010
42962,5567
37329,51978
24162,31615
8093,2807
12686,49519
48115,28415
27598,10369
13303,53212
61880,46210
46605,12973
3298,48660
56705,21261
60408,8019
34991,26837
58940,17037
59877,25182
3934,45573
44912,33677
57214,52166
63732,59877
57378,22917
48270,26693
37799,37168
13694,20163
60768,28755
27487,7326
41348,31811
33957,19209
668,60093
50515,29969
59686,48068
55888,37503
39607,56854
36655,39847
47923,15556
22053,31158
9000,17773
57340,47859
50011,20401
21887,5022
21497,61123
55225,57855
32558,37768
37254,81
6887,27805
54810,1937
1940,41406
33487,16554
56728,27618
61273,21246
10779,29827
50711,49385
51140,21235
26037,56409
45846,6143
43518,20137
45857,64273
13263,57233
28054,13513
14635,39606
58236,15375
45630,25729
56297,45718
58943,52118
13109,50888
31871,4465
63753,43673
32767,38421
33707,31160
1660,61581
28531,10027
23346,18612
20397,45420
2545,970
42702,35529
25278,17032
25513,9417
14800,54278
8367,13521
51727,50023
46314,44231
49522,41550
35865,57896
45565,59262
28660,50097
30237,40134
24900,7653
51493,7371
63951,6800
49312,15388
49442,32003
1549,26200
62204,44284
61884,19429
17631,37445
37773,16770
58095,18556
55681,3218
60688,60765
33273,28921
51090,15831
20948,39084
6330,9531
27280,23463
25900,8945
14202,53500
44667,38640
41497,20440
22677,16949
25149,9142
49903,10896
50868,22945
43001,28825
43116,11368
11931,62525
38285,12328
325,59813
17359,61239
61889,50635
26233,4150
12049,9539
44545,40884
28199,34017
60563,14691
4712,63819
42566,12
35129,47676
15352,9834
52430,35982
28766,12665
9255,54580
17132,18172
61649,41501
28055,39974
25070,37551
28180,41173
62291,14654
5027,48511
8103,49722
9158,2125
6442,23627
47693,47728
22087,20832
60853,24013
52336,37195
4728,37856
34584,44952
56645,41587
29905,48491
24621,2403
7083,13045
59987,12542
34759,5718
30632,34634
60153,27227
26247,53647
48940,18449
52901,26065
36937,38900
34540,14212
22639,19935
48948,59525
4854,8681
6648,57345
42689,10679
3837,13436
36509,32110
2168,60171
64468,43067
15276,20365
13161,22900
27339,33415
21793,56332
30882,23783
55296,14541
54179,43696
47939,37642
11032,26433
637,54139
30060,29077
24656,34679
41960,62846
45028,33770
52636,15738
30069,26985
7427,51553
40784,40779
5318,53372
52761,9661
5235,41869
54136,57268
51862,17011
2282,22483
28078,35233
13399,11519
51936,46612
62703,59327
55821,61631
31288,53331
30689,37214
13327,63883
10649,28303
44338,1887
27498,57310
43954,29027
20835,24857
37151,5811
45910,11904
45134,53064
27945,6493
26497,46878
54199,53255
49124,21955
31289,32615
30331,9292
31194,41896
63979,46545
48114,35053
13847,20170
37604,24199
12488,27289
29111,30748
31058,5031
49874,47304
17290,29205
60117,64052
23188,26328
47435,5709
26476,6722
20853,47658
39705,51866
4736,11767
60841,24483
16805,15138
60593,56204
6459,41600
13246,20145
16253,50381
2904,3447
34900,9301
8846,42716
57568,15934
9400,20229
62555,11724
15335,52337
59763,63064
21762,20196
43845,37188
43967,18664
49155,54673
55817,34946
27671,59533
5326,17312
15115,53205
1203,7155
11974,37826
25199,3650
37509,21279
52054,25516
18790,9823
28165,5187
39300,10853
30114,4214
32592,21494
49818,48253
10980,45582
39137,32242
7241,34797
34221,3661
52717,1574
60964,64094
50542,6093
50033,21804
40032,6228
6943,47292
53974,61684
43326,10879
12000,23817
21346,54983
45090,24601
27386,9190
55968,10166
28359,20518
36701,15304
8976,53675
35393,58993
3359,34109
43196,52588
781,54050
36767,7726
4715,56498
48177,47960
22312,61843
26845,17146
38154,58240
37286,60593
30515,42730
17377,48484
26699,11251
41798,35805
2189,33906
64156,50184
12554,61057
50181,10405
47087,29443
14601,3861
31235,60157
33733,54352
23422,39789
40232,2643
26680,35215
692,23046
22704,26337
9220,20014
6868,63572
13249,62522
37316,56964
2053,16095
56560,53359
41783,44150
33994,17127
45377,23868
37071,24148
43640,62592
50210,749
24472,23437
15895,30731
44357,7551
10258,56445
56935,49106
61727,22453
3329,26344
5675,62906
60729,4218
58480,50915
42944,25244
20801,37763
2572,24417
24094,23837
20305,4628
45753,23116
475,30217
30924,4390
54352,56547
33931,6925
18388,3113
46036,41568
63476,18922
8116,33099
47685,56099
39296,38235
9995,28583
25245,14728
30580,161
32675,18103
51251,47599
37486,64137
32602,11712
9924,425
62090,15518
11002,47349
10298,27427
34308,7148
47715,5836
60991,51698
4695,23268
60981,15389
35241,59913
17971,4845
51478,40053
42473,34113
10791,46678
16981,35761
37053,25545
4007,32943
64002,42883
7324,49729
8575,4814
28077,63286
12135,53344
57819,23966
38307,13079
2907,7065
1981,54313
6710,21018
62332,19294
52760,46688
15721,5844
14229,63667
51309,214
58776,51294
7605,46821
14050,23039
63807,32546
61745,52709
45690,60250
43696,39770
29489,31743
27366,23662
54335,44515
7754,28460
34865,62119
27073,7062
6891,63485
38197,11577
4921,34000
23545,9934
63433,23866
13061,31062
21122,25694
58325,61451
48256,44778
51752,28762
25386,43640
13325,63113
19401,57805
32686,3692
38805,42403
45880,21419
38307,13079
29460,61702
27413,2487
26837,62782
15542,45463
31970,48650
34792,35728
45975,44517
58112,52398
61680,54227
58772,15152
16222,7072
43565,19268
60169,47164
15570,29126
34093,33287
22439,38419
47521,47548
35830,44376
35684,19166
37918,15519
59269,39186
50332,52622
14471,55339
24689,25169
38732,10880
5981,21239
32448,46385
56270,30017
22398,58448
55526,33125
54640,31790
5315,50845
54917,5900
12765,12502
55856,51732
55122,5929
27940,32008
19588,4514
26474,42758
3142,8338
3459,47446
61038,38936
41195,22787
57052,59622
31000,8476
3121,30179
13498,31699
35687,6055
2661,8267
55268,63531
62655,44872
39192,39706
23406,11346
6290,11025
8718,46871
7574,11187
46687,46185
43379,38009
27100,13293
56632,6752
53004,35989
30955,7639
19056,41196
20606,47066
16537,59325
7067,9894
34236,50216
33256,11353
60469,29004
47877,42319
61792,15710
30661,6129
25655,669
22997,29059
34401,27903
60326,38669
37135,53665
44850,16184
31543,28852
44649,63341
43611,33583
52078,4965
56520,61777
29485,48665
6711,19589
27874,49245
9603,28715
1279,45811
29595,23450
36248,35128
54770,13678
64154,21857
37926,21900
4810,6822
143,33567
44770,20511
58820,30135
17022,17673
19017,1541
63563,792
46565,13358
8138,28444
15997,40596
53643,38128
4724,14527
30540,13194
17174,39990
64363,37841
33887,47949
47752,7851
35985,27539
19318,60051
56100,31317
8336,27275
48604,16067
20244,8402
64458,3659
4178,54095
56860,1532
43701,20736
31005,63666
58805,777
58706,63167
47603,54084
44539,51875
8646,63923
2325,58723
34769,63442
30530,7350
30657,32345
30587,1289
13723,56617
40350,8739
4167,27343
3307,15454
17413,32906
44770,20511
28885,38371
12101,3179
26064,3770
10853,19868
40588,26029
59631,24658
2351,26033
31800,20885
5468,26378
48562,11132
50520,954
8959,39208
50604,52113
24374,45083
20581,45430
17723,31531
43814,56558
43976,2884
35067,55184
32577,36228
18105,58011
24089,45865
62348,13319
60166,52886
40684,17180
8081,357
4755,25058
33646,4942
5532,63248
15916,35795
3661,43937
59485,14550
34028,11981
57134,47414
62546,29276
57046,62700
3688,36698
53099,57079
60706,29068
5884,56141
50429,57618
17013,14816
27927,3001
17847,55612
56028,31870
44028,49098
23056,50152
49978,11959
47738,25379
17447,25900
12605,37392
44193,16272
25159,58197
55276,42346
5001,41278
40104,62321
25378,50605
38619,38688
54663,41673
3332,39357
29736,37370
32018,9594
2800,21189
23138,27507
35076,16466
4770,34890
11566,30841
32075,29953
54877,40984
29721,51357
13789,37821
55770,33411
37328,42395
31685,21551
64308,43547
46783,40827
50336,61567
61890,49507
133,55751
39070,23579
12777,63876
21532,7051
24926,23291
26474,42758
57884,11130
37089,1039
32304,57093
20955,25719
61395,61479
26245,7586
47703,5822
10977,49381
24055,64462
16694,20127
42171,60027
39575,57215
53488,12111
37002,60203
56877,15546
60096,13996
15193,56253
55895,50866
13232,52435
14579,63828
8444,58486
3989,32727
43816,30563
10729,18223
48282,52205
37806,45374
49056,23511
60845,19982
41257,36100
1357,54196
17922,58407
21850,32679
6235,30627
29592,110
64438,29417
15517,62970
30408,29596
54754,21383
25105,48819
43268,49671
31827,38401
43385,38813
49029,35609
31972,60297
25111,61509
54395,46302
23249,64231
27189,29195
19237,14059
44924,1632
48288,7252
57931,12799
46866,17546
30165,12581
13309,49500
50837,58657
11951,52043
28388,6840
32070,2469
10578,6574
26872,12531
19428,57152
18909,55438
45345,7515
43371,48821
2910,28634
20205,20425
11124,47148
43591,46171
13825,56694
37678,17655
56649,20634
37005,17637
46987,8034
15385,55044
30897,14185
41846,3239
59396,59167
33175,10889
5087,17887
35080,3726
54118,31280
39857,22968
36568,40826
52627,57968
31959,2870
43559,25423
11745,63630
26797,24810
9832,9634
39592,33896
30214,45456
44828,59312
4288,14381
48503,8573
19532,15163
61627,32793
15343,53350
28314,30516
40147,58183
57742,54891
47323,52382
21856,30759
1897,19410
39545,1608
1876,63842
45603,22459
15179,3100
1070,58221
21861,58612
16625,14523
16665,19212
57873,51137
31078,38255
58125,38463
55300,15522
49409,38060
5532,63248
28363,46435
21218,46712
32270,41858
19927,46279
33175,10889
59848,37845
22778,50651
36706,38191
27357,34881
64258,8
64287,36090
44972,8128
40379,59851
49366,57149
30099,41090
21985,11895
25821,9902
61447,52682
34177,12846
19830,15312
18421,51550
18763,61425
53153,45968
31064,27822
29864,18198
38984,131
48516,25136
49829,21274
13919,3747
24652,59464
17603,3293
58091,42112
19486,47510
28796,7580
60692,8030
35168,9874
53512,30728
16619,53630
56233,2197
18618,12693
41295,42107
20322,1066
19800,28703
55330,1199
10115,56610
29724,8615
25738,21407
4140,4827
20097,55679
37121,55317
27265,25075
29262,6312
55802,22550
10379,34527
18397,21159
58694,16069
9748,27314
14863,38380
60600,43482
24301,62351
23890,40944
49269,40949
13831,20723
12437,1106
63198,22362
1924,22623
21134,24098
42410,43987
21301,34982
44217,53508
21977,3848
45017,10933
29165,46792
26410,42161
61235,18385
51020,20648
60890,48792
13849,30012
24734,34961
5598,26840
10812,62636
63670,28145
13696,33324
11595,48800
28905,26350
63244,27851
41853,63403
49816,26075
22612,26467
39132,51075
7481,40807
47076,42250
40158,48184
31376,17571
33148,5100
28736,37014
12195,55483
55209,33118
12213,49432
53917,35363
14051,38529
49892,36460
52146,63935
29900,24795
39590,15804
57844,40644
62588,10914
6556,14155
9090,53691
54647,28339
33731,58146
15518,31232
19785,47798
28019,15355
33423,29864
13480,19503
57554,58367
37072,8802
18723,4036
12964,54327
28007,20368
34148,58405
12593,4112
33036,19605
33738,35630
32107,36823
26315,50707
5319,10319
13932,50142
18858,11827
30112,56967
16887,6254
14132,14039
12152,26845
46950,2559
52180,51621
56077,3251
55815,50407
13706,1119
23938,15016
27418,63468
55333,29516
32275,50714
26489,25628
15101,2304
56340,33460
57774,56116
29356,37636
5234,14580
7668,20935
64439,7521
13753,27235
43,40005
60862,60301
51290,19844
9248,6421
19166,56723
41391,6397
46349,33368
13462,18896
989,26876
56442,36616
6681,44203
41915,10534
54794,59470
18079,26172
47957,17399
1245,13558
12188,32713
36486,57046
59296,62287
55514,47033
43182,13299
44337,33135
3385,50819
62884,12325
8087,58476
30988,21514
13393,61994
7777,59925
2586,30856
21890,56642
14617,32093
28191,62881
49784,20597
52802,21515
4573,4009
57297,61194
49395,19956
34640,15319
18378,31117
57701,58321
3951,6927
46518,515
44405,33522
45543,49114
5841,7288
43372,15690
40241,16394
4457,46640
58693,40868
49888,20787
47998,61179
61147,48278
28333,6929
5920,2020
45238,47480
37949,15088
2296,30600
36497,38132
34390,22879
32071,25416
20367,20881
3284,48266
24890,49492
15387,7262
60478,57932
58975,1259
40267,52901
6164,35976
1209,43024
43219,21244
47839,60762
49987,52300
3497,15856
19987,37443
28523,7963
36132,12126
18841,19658
37368,32684
32433,13531
60205,21118
62082,7677
59434,44762
7041,20380
47394,22308
2436,11220
29625,49766
62936,41063
10827,31031
20875,63593
30355,4940
3002,34140
25226,47094
48936,58545
36482,21718
32181,44092
5457,8935
37545,49233
51142,29297
61592,12213
39545,1608
42633,14078
1093,14930
28237,44270
8622,37037
1626,44739
2276,13511
51364,23274
22112,12930
51815,49255
55972,22589
20548,52301
57459,47471
60170,10312
36020,48636
2007,40410
14194,54820
27120,38576
48517,52283
32292,2880
41164,13554
56418,33950
4358,64074
39650,33122
40073,17438
38195,42013
63872,58203
8735,46935
39037,2171
19461,50979
49906,60646
19115,47293
56782,17748
49883,8796
29340,62847
44483,57406
22890,37505
5895,16432
57899,61386
43993,41926
32345,62341
26907,52210
24835,27568
44446,26743
36110,34229
52625,23447
56166,59697
9010,59095
49612,2746
3396,61524
1832,40797
32537,15857
9607,2962
47659,19632
20466,36820
5454,8274
21012,16182
14083,36800
19772,2073
10428,25369
60932,56429
25395,59630
5462,29579
17899,48530
56014,50245
3242,32807
43715,53257
52836,47596
40975,12369
6526,61244
19073,47903
55342,1874
3765,8534
18013,27645
16393,29454
41851,24609
13683,59119
49752,39886
47123,24999
32487,4836
6932,11322
53024,43474
51633,30586
62859,21896
31383,8795
54320,45921
63513,1251
61204,7786
22078,10797
54816,18418
54100,5445
8339,42848
60767,27171
15961,41262
59394,38949
19512,39418
50400,50830
52656,24872
11015,51544
37443,63395
53081,41476
11763,50293
6997,62051
35453,26676
30616,11242
3960,5093
37707,60426
175,45448
26864,8602
17118,24851
55948,60177
17804,48737
36297,9192
52796,42685
4767,52200
40898,56494
39704,7176
54976,17638
39704,7176
21234,35718
55606,42593
21835,3004
29802,22022
20266,32529
42813,16499
1469,16588
18824,32629
36961,29718
35726,26824
19009,60174
9362,51088
22185,45596
14989,5247
5678,62191
44562,4190
51189,20852
64271,44659
17830,50891
19250,26156
5142,15679
4427,24529
57026,23700
21606,44646
17563,4701
47249,60286
49271,10677
62021,4647
42746,41398
51679,21683
45028,33770
43699,36458
8760,36332
50412,57374
13247,73
47640,22337
58206,25461
59772,52868
31612,51915
43172,43172
39522,13733
60956,61517
42666,40096
63294,15903
51093,19159
21669,21599
28152,38649
17218,57053
12300,4770
9029,20012
44741,6828
55615,32941
44276,55738
58607,16624
22210,35006
50228,54803
18813,16142
64043,63595
43661,21788
47049,21002
21053,10596
15988,21101
45899,10635
15837,27237
31693,11863
53754,15055
31115,27170
7322,26451
41787,25798
45491,12338
18167,39966
43159,61697
30808,29266
4368,29040
39296,38235
5347,36378
20549,27580
60068,34016
16682,20157
5251,32662
37702,31248
9221,6035
5718,29876
48011,31103
5888,24526
3849,38872
45745,45231
31392,5730
51784,37988
56344,24659
29689,18849
20191,40830
43678,61810
36120,12923
18292,62553
9130,53739
10696,63087
17065,7241
51384,42646
34900,9301
58566,10053
52971,51200
5723,37146
19644,41153
30140,13271
32803,46599
8457,12853
8083,27984
35074,12310
26830,22436
16549,9330
23629,51672
29468,53638
49941,27349
33729,2065
15659,36309
36844,50033
497,15437
39881,59402
40082,53376
26725,50790
51371,3798
45061,25012
22140,2132
29525,22132
32124,29554
8981,31382
26928,24622
26568,49606
41692,33524
52906,5027
55814,3443
585,47452
57662,2501
32925,25243
23658,26957
18202,17374
47730,62996
46192,19086
43069,11393
39301,13975
6730,14900
2607,13217
16367,38025
14609,7904
33271,18405
31726,35909
38819,15547
52834,47748
32353,60852
40713,51829
29151,33098
43783,38211
3653,53043
36594,27988
38582,25218
15259,16693
41877,9794
22921,20040
629,11237
57022,34920
36373,892
28960,24404
13275,48358
36724,20418
44887,33544
24408,22887
26164,60279
12884,55735
19608,8633
39496,6898
19095,12185
38960,27854
64419,9900
38197,11577
46600,37886
31245,11491
40004,7587
41850,57162
29942,64041
19682,49686
26965,63319
60014,35705
15327,43001
52372,11163
32529,33208
36815,3405
5455,56911
41013,29383
54173,29271
1710,12892
45683,31878
21277,42378
40073,17438
38983,25689
13345,26947
26055,43568
29873,57041
58180,42797
1782,44992
60934,9824
16075,31640
34674,10339
39504,27022
12179,62940
39283,695
29299,21075
9221,6035
19558,61527
45258,10127
7450,48734
52239,22034
32781,28598
21447,8452
55341,58679
10526,3936
57886,41107
31525,38981
5430,59558
48416,26703
50900,47774
32872,56286
55529,45472
12073,42984
385,60266
26245,7586
10340,50055
35928,7245
48171,6201
11822,34952
56685,63960
40061,31992
12741,55181
20540,45843
32970,28233
38118,45273
30522,9522
37917,13383
61300,3943
6826,7134
41131,34357
30924,4390
1813,30298
15417,39739
14869,60028
20645,19880
30606,11968
31816,6731
9578,4764
27555,58741
36801,7055
7802,43246
15359,32909
50928,12989
49003,24137
52252,5665
28714,18339
49443,25789
22695,48657
61099,59066
7147,33471
58059,63590
60842,2526
59511,61875
29770,32243
60187,16901
7011,24641
43883,41827
14301,21031
27486,64198
52790,11004
28530,29651
420,13947
40052,21268
25999,60277
2310,41538
19717,34469
9591,5438
22399,63542
6966,34066
63306,41141
63169,3752
63314,70
19912,57994
40823,2764
61931,62259
2690,3992
63716,24255
46936,9788
22003,18929
35060,42459
37006,13362
9686,30971
4419,53829
27427,20591
49543,35866
19179,38305
54003,28204
19971,47631
38511,28932
21486,13287
25631,12712
34601,8807
30555,37835
28962,42835
20959,25257
47469,64355
30044,35408
18312,41401
63117,1332
18114,3102
897,24909
29826,40064
44409,51449
57846,48771
38194,61334
31673,17228
13336,41947
15896,57492
49819,2204
47187,56976
21165,1585
16382,61812
49845,45694
26027,6076
16764,54049
56858,29028
45621,30576
45452,50776
47634,15635
4420,10447
39487,32339
9765,37521
25940,15694
40975,12369
32809,18943
7035,24917
53227,12280
22623,23373
61698,23315
60303,15864
44645,35863
56198,40772
52307,33017
7246,36867
56568,458
38627,31974
56493,47194
23948,56377
52325,11520
28849,38574
61600,57442
60544,63168
28763,30642
3012,52459
35673,24042
62888,51808
31698,45564
3871,56556
27140,62888
27956,58289
63382,2565
42238,22820
29746,50247
28073,30266
3845,44638
11867,27087
15185,53808
23416,31411
22782,3298
2142,29895
17625,55715
52535,24330
23451,32446
54126,35645
19703,39752
34504,47413
52670,21089
29324,34542
44933,62312
42084,14842
31630,22654
38458,34882
60560,22289
10074,32035
46213,53876
45267,50583
14397,51954
34998,1063
5084,64105
58618,14230
42489,62729
37211,3314
16154,58229
17934,12448
48456,63552
39682,63381
64231,52647
7243,15514
63986,47302
4210,18639
9667,20214
41359,10866
9823,4676
41752,4784
52927,3356
62649,60316
35211,43949
30776,6361
32083,4487
25674,42301
35719,62447
37899,47682
42489,62729
58828,57253
12535,16334
49911,24004
12700,60567
47141,27701
25479,61793
5621,46069
58094,44074
56902,17686
39382,40850
7371,63181
5380,1816
21306,38492
23718,57788
42791,13750
56389,1491
61320,44159
46078,53884
55484,53512
8771,962
3123,56392
9065,32290
7512,50194
20001,9407
49037,34065
5701,1122
44149,8380
26458,19480
10903,16008
32803,46599
7196,53199
8686,2876
60320,59196
4711,58944
29517,27937
30918,45964
48808,56959
22571,9150
27944,17081
18470,20594
33417,50358
21074,43176
7511,114
56057,14525
56492,51663
22519,52937
37796,2296
13986,30894
57124,25865
11145,53387
62323,386
6775,24590
30390,13942
29838,40967
14087,61943
57363,20254
41960,62846
48947,35650
62607,16884
32122,12497
29529,9919
19166,56723
31272,16664
23948,56377
26185,48773
43434,11309
62859,21896
5131,5690
19985,18517
44060,47864
29110,2708
5282,29883
49142,61267
10244,8625
12540,58236
56907,46205
62447,59363
22252,44546
60847,20294
12566,9367
32303,57998
42787,30847
47998,61179
59424,6475
37563,63371
30994,21029
62213,21369
21452,57704
44134,35301
16355,28609
53570,14749
53663,53340
14377,62980
49895,28637
39343,23996
43320,49796
438,45080
163,1868
42549,37203
53022,39704
13707,13961
24576,16203
30915,28955
29071,53683
9063,9441
29400,8815
60935,47649
43229,57414
1848,48512
22174,44944
60492,21336
47697,33200
49567,33444
3745,9821
5823,58987
20359,62082
55042,15096
8818,60521
3480,64349
39352,59243
21432,36058
10002,47347
34450,18374
44623,31633
14819,56722
12197,58754
58362,50004
6190,32734
47329,28419
10890,39823
48511,762
63052,2131
36465,1485
22310,44265
9363,19812
35005,41994
44344,39394
51124,3303
39754,20806
3641,54911
31530,23119
14767,32540
57464,50470
54939,42069
40790,28410
8637,42070
20342,6791
64096,1073
30862,49182
60536,21617
37114,6117
54101,45252
23265,5937
33469,18840
4120,42156
9085,39011
4428,18326
51612,56952
64256,56475
62005,3273
5549,58386
31942,5874
35512,60687
4166,12877
56540,58082
23334,39218
541,52313
64347,45751
51006,1422
14372,43273
32032,51482
22742,38016
21912,14693
7357,35478
25881,42253
13197,20250
17170,28845
9213,44352
59041,56402
28911,51352
8618,25820
30598,59609
4625,8223
6351,62231
45297,40887
44030,58446
34944,10786
31537,36274
38750,54691
27906,62279
13494,28575
30140,13271
24423,52693
62373,13146
18483,37581
23120,39241
16223,33956
48076,61920
30991,39629
34815,34061
47961,15028
19171,9093
50257,15748
22524,35653
50561,16259
28276,50821
43982,52896
43853,12919
54286,17298
58828,57253
46815,31760
1663,3991
64169,48562
33011,5326
51526,23367
4199,60984
49042,43588
15285,48804
37418,34022
61073,37861
16963,1543
2191,9278
23479,21658
24111,35372
19248,54085
6961,3950
22,54579
6427,58598
8632,23438
35292,21952
57361,28643
40906,11478
1764,43993
37501,50431
13373,32860
1402,14319
51724,41421
21465,30928
23114,26969
12914,14456
34813,26372
28625,48708
46359,61512
42660,255
23774,61471
47064,21779
64068,59538
26237,27388
24839,51710
36596,50449
19357,45530
44665,2210
64074,51154
36780,52485
27683,38690
26720,21066
26791,33143
41857,50663
40525,53445
50740,35232
26187,60253
60441,52206
17888,59804
27931,22318
5037,21543
15980,42954
57896,62101
52376,40398
15201,42224
63337,30769
13020,29480
46257,5558
21537,13197
49417,55372
38072,50742
22569,22265
15557,377
38129,40267
34870,60354
58206,25461
21635,608
24580,45676
50648,31649
63525,57089
8633,57615
24228,43084
25950,17233
31547,50822
32174,62647
21856,30759
1748,20393
3805,36892
28419,52888
21999,18202
32727,1922
55931,16727
59014,6437
36485,30619
30415,61638
51780,17645
37606,36001
60422,39206
29180,10893
8899,63234
42711,47484
46075,20272
28773,21155
3768,58521
42752,6886
15895,30731
32540,25354
17797,45553
8282,48944
11259,49148
40487,62984
51047,11320
9697,62570
47836,56763
19355,9121
13083,29815
14310,14094
31859,62744
36493,4111
36769,11750
21195,23009
42116,39032
56813,26487
10450,27681
37031,59513
64505,64248
27769,11617
50434,44470
5027,48511
24867,32887
31541,606
52872,23222
52693,55263
54451,36817
30765,25786
56749,5917
17965,48001
12786,57247
26295,40874
5123,48847
52172,51658
43793,12638
44069,25160
14370,27661
60522,64202
37189,62042
61858,21504
43094,19491
22733,184
17081,24396
36237,41120
19120,2904
43941,32961
29993,8843
35802,25784
23372,38565
57412,58417
64115,63196
1786,52119
8185,21993
49950,29368
7991,62705
46173,13289
50940,18274
61747,51958
29573,55440
6729,37873
16407,3192
10402,29786
48736,33222
25438,50332
23944,20216
54217,35643
60478,57932
25659,3449
57895,56962
52331,62703
23394,59610
56486,55485
8556,8395
45551,45241
39934,41980
20358,56127
31825,44805
31364,17556
17555,8051
8829,47331
21851,58274
23669,57112
62761,7042
49824,37556
57528,17927
60283,37746
14861,52583
13180,18621
11687,46491
27932,55244
48453,16311
30828,3985
39552,54637
17873,34511
5831,60783
12109,46230
60016,27011
28907,50541
31382,48260
3997,12664
54949,9570
15467,47382
53219,39224
51515,26143
11532,59947
22476,14576
17875,17547
3788,29511
1960,19801
5642,29428
17570,35140
57889,11115
42655,53984
55322,18805
27321,35550
4372,48155
23698,30610
60739,5986
32338,16772
63066,54819
17175,48383
32923,19417
24437,38902
20169,62620
55751,3927
40249,4137
6646,7340
52712,37407
42535,55046
45361,60010
2460,29867
48328,51527
41735,37600
61577,49556
21688,53945
38193,22384
62803,40327
8925,31960
8416,56002
54247,12496
62620,24292
43336,48311
6521,5899
54963,28059
25331,56507
20033,59829
9154,47410
54895,63177
35856,44700
40817,24123
61933,60391
6418,28798
31062,38082
54495,50034
41054,18379
17764,40225
61174,11316
12888,23977
40513,60220
44822,28172
38629,26041
3469,25571
49587,13135
40366,42388
11238,31189
15612,22592
8886,42845
39968,10005
44246,14788
11735,53895
36343,50578
34813,26372
7341,15130
13464,44179
49512,56325
94,46962
8460,37324
57181,16657
14685,25042
23851,17874
4632,55704
45789,33323
28040,63621
29156,2756
54591,59796
10460,32019
45852,20252
53293,49275
47772,14165
26107,8823
8107,24231
15391,54427
25025,26973
2483,50297
47097,34820
52279,63276
35242,44909
59315,46566
29136,21052
52269,7074
44844,48296
18261,62680
32217,34508
35911,6030
35694,18447
14899,10037
39776,23565
31514,35975
8390,9980
2233,31485
36754,9605
53518,20826
57973,45672
18708,37676
38113,44824
55675,44016
52133,8148
13534,58264
27967,26436
23213,57675
10577,49664
1546,31872
27482,18778
15699,7548
11468,17985
30553,22389
55406,36545
47867,28037
12952,28347
17535,30405
3917,47554
59779,26651
3332,39357
13549,57856
10866,13590
44059,53489
63039,37742
13014,57136
50033,21804
34193,56410
10038,11036
5864,17639
58948,23365
26224,53022
23935,12045
46194,15809
26767,17071
19970,51762
52666,27718
41224,59526
8255,33800
47315,34580
16354,1611
3893,9585
19070,21282
46425,24602
45334,32716
58564,36976
9575,26082
56358,47716
54830,19747
47513,58307
7353,23669
51748,55812
61604,19637
41968,54590
50871,16206
53824,50395
49448,36396
11460,40396
34949,37940
44821,16750
16842,29932
42398,17747
35397,61799
41290,52867
22938,38317
21686,5789
52981,26323
6471,20338
3692,33598
9984,29189
60466,1192
44274,18669
42951,13653
54408,18609
44704,58624
5410,1337
9339,12925
41226,15883
53008,55380
11278,11338
30931,42962
7618,8925
31724,33729
53714,53714
28649,42636
16773,28973
60160,51495
2556,5168
15066,45484
51721,7260
29778,49378
49688,7785
59862,4074
30993,52269
12937,32200
28539,10407
35697,14802
61363,44264
40654,21325
32068,54177
44300,45991
20465,43198
46131,41248
47298,15757
56791,1607
58481,50443
23957,1173
32321,62207
38328,6893
48446,21122
7563,14337
9018,36640
45493,2831
39293,41433
20472,61300
58848,43907
31435,44215
6013,49935
35730,49587
9357,22569
53777,53263
32987,23173
29544,57906
19995,22192
13915,14502
59123,23696
11931,62525
32893,675
13600,57627
12388,28735
30456,36542
49801,62401
27446,20714
42604,58996
41984,49262
29902,57258
11089,30402
16703,22357
32315,40562
13902,7193
35656,25142
1561,30364
39121,20867
56061,7921
43146,24959
35938,28645
30472,8458
53641,50917
48445,48702
8918,37930
44252,10274
46254,39386
54757,57584
7351,8918
36324,28088
11887,31121
42697,30023
385,60266
15587,43486
63729,7467
24175,49327
6811,55127
62756,56277
2701,8244
10956,57590
42490,50977
40058,42439
57861,57167
57984,61031
38199,14718
61704,28524
22833,55963
7495,27895
6569,28208
13606,15435
8340,62936
11108,23694
30161,52755
9690,43538
22456,52433
42049,10705
33484,30546
48626,16808
7809,21420
53277,27460
9642,239
36382,20784
44578,34622
31641,54197
61380,31698
52233,2322
20910,1203
23189,25265
24194,63849
45811,26238
55206,49405
13509,21555
63149,62848
5705,35633
35847,14410
2631,62695
1259,7092
11721,57747
5446,3280
39453,60388
1132,16864
3729,40112
13244,50235
45818,15132
54985,5602
436,20342
37678,17655
23808,62019
42573,23429
7084,19756
52936,37587
58409,54392
24768,50874
38652,50192
61897,55706
28391,30205
26052,60116
7967,6425
59650,11155
53255,51802
12702,55586
47013,7011
14822,45982
33761,54158
20351,41885
34577,47644
25810,8940
56099,44835
3960,5093
33093,25246
22985,33443
61575,28574
57049,61126
24999,7104
32032,51482
27448,12169
56212,31704
9112,23828
36907,24594
58403,63543
10605,58785
31707,14637
27886,32944
20051,12890
61734,34465
20987,60577
52535,24330
41133,21640
13737,22330
14465,50746
23448,63466
29813,3085
49220,38532
34700,1325
32787,12776
60958,57764
26235,42860
49364,3501
12781,28646
39185,22752
29682,49296
20601,64142
40964,34259
19079,34425
56689,46206
39535,19876
13572,51461
52748,4359
15881,47699
17408,56094
41822,35585
2233,31485
52864,55808
18037,62031
57411,43665
58591,58299
34246,39602
12156,30689
30893,26574
55706,60662
9084,45961
4777,9046
5949,44794
17264,6784
55157,3463
40281,27053
42526,13243
4874,50665
32655,55785
5894,61440
105,43386
7820,49803
47328,22422
35771,27493
9036,4518
39606,40036
47326,22692
58449,49289
30508,40178
3282,9173
50964,55987
6678,58849
48490,43583
47547,56542
23020,35007
17943,19695
38516,15711
55887,3499
25943,52456
492,36399
30167,11957
37646,18008
53578,19506
33696,11365
58412,26331
51641,50099
30606,11968
49055,63447
2839,19916
28532,4409
30779,41390
34334,42503
29863,12246
47871,27380
54971,6283
30168,51232
41722,13230
63139,62601
15008,23721
49047,12530
34878,30106
31259,28035
30980,48132
7228,4144
5757,5442
7564,38059
23752,21128
17325,25906
13515,57876
1499,4199
31521,20870
30889,38232
57150,29029
32809,18943
7286,15881
39906,13014
38282,41972
44758,49407
43301,16198
9014,58120
19726,46784
59311,54853
6074,50955
25111,61509
10859,9276
53371,6848
26445,57978
48126,30884
38984,131
10122,22448
47824,29393
5957,6460
45625,40727
12695,36314
23652,33675
14854,63785
10640,23689
21120,11343
24202,49277
33679,60522
57138,63757
45333,3419
30860,1959
2766,47815
59222,29074
16709,7714
61318,44251
63961,27467
10961,61733
34852,32150
63529,11938
33566,35131
15752,44632
23095,42708
29079,62270
47690,33634
18599,14370
53313,35566
6692,1108
61218,39015
23062,3666
10817,10169
3072,49988
18347,49576
18971,59273
63714,47193
36432,53190
14361,26081
64223,47660
15617,50946
11925,21633
32295,4551
25563,32776
4193,39332
54611,4578
4542,6404
3165,16973
11819,51818
18732,58025
34121,9055
6023,20079
30245,36740
13623,19277
11704,51499
43715,53257
27606,33068
17130,44246
17742,6646
38187,50166
52341,25882
12976,12316
44310,57003
23251,8103
27588,18462
44004,35773
20672,62998
37258,18518
42742,11177
57759,1417
36308,30490
49964,22822
38581,46650
59995,8838
14525,63975
64359,14209
12282,45976
62596,8448
10290,28864
59039,38129
38928,21981
12619,15010
48159,10512
13650,60966
62799,34995
23699,58697
20123,21180
19820,7843
22279,35854
33558,14575
10215,55488
26304,18451
52644,49709
33133,60492
17503,12735
49295,35527
27440,28191
30159,28217
27488,56107
28210,55315
41754,32519
53155,42986
47934,51136
63628,49290
56823,13468
39913,15124
23601,53029
56386,14437
61085,61926
21786,41041
21771,41928
47253,13153
44537,12745
52766,60920
13747,31334
35694,18447
58274,4859
46696,51953
51499,2402
52193,18342
14136,8996
4088,48576
42710,10788
50893,52671
40296,18144
21637,50825
17214,57014
52749,55576
50992,6631
21446,63922
46265,33964
52310,5753
43777,3416
1274,23982
15569,26674
30583,27756
1385,24904
4809,62745
61150,31852
51128,21603
16060,41100
33796,10923
49307,33300
29725,32821
15016,17678
2728,56194
9026,26861
17014,3035
32074,50976
32908,33537
45815,49225
33089,41570
6775,24590
9343,38079
10563,63326
8403,43986
16744,47654
39690,36784
35107,55692
20664,41022
47351,15924
47257,57178
59177,31912
834,57558
27627,25057
35008,29957
46801,12478
3507,52642
48546,23245
41631,48477
16946,6409
7366,41045
17360,43719
18443,2069
19000,51472
6579,30538
40229,35843
46359,61512
24445,59080
30085,787
52672,19737
16431,2587
25194,54492
40015,18655
18998,13718
13382,62379
29400,8815
16513,2594
41549,37174
9450,51064
11303,23604
46241,31059
47739,4122
2606,37121
32495,32958
33164,41553
35065,2375
30829,33491
59643,6720
63914,32812
9917,21382
62300,18196
47139,14703
31570,9360
55292,54851
48989,33275
5669,33395
22616,38293
39838,59463
56148,12567
53024,43474
14065,14998
10813,18542
13340,52688
12163,28291
1176,29738
32175,23503
1389,48218
32440,40206
60144,25378
44775,15727
52172,51658
49279,12312
16671,7744
35668,31767
24881,5660
59718,58013
14279,9704
1774,32838
28302,61198
39292,37722
53716,17829
2187,25720
21817,63535
1999,47752
58499,14387
35752,5968
27444,32024
13589,42887
31582,39264
8342,45647
36788,46627
43777,3416
45297,40887
53226,17361
20098,13058
30383,37572
15116,33059
56058,15709
53010,7385
45182,48200
42892,42006
25614,53887
21082,20825
30660,42511
38456,25769
5142,15679
37009,7197
15030,27260
50204,47503
23454,48360
513,32895
18932,54658
37921,49415
44457,15159
2403,58543
4206,54672
12254,43392
45597,23698
98,19924
46734,14586
17065,7241
42219,9159
17435,52536
60411,1044
35557,13407
31847,36296
52114,11772
28149,4747
44467,2505
9641,49851
28895,46283
6248,9635
60593,56204
28814,28240
58240,36405
8188,23788
51674,48556
16806,39142
1915,13849
10229,14739
15723,41669
21432,36058
3584,51685
29812,56540
450,61873
20620,27953
64259,24636
10270,177
26452,62413
4279,5193
48791,54632
60978,5792
6145,14503
1291,58531
51720,45222
52452,7964
20670,40551
64016,58999
52591,47100
49530,39671
950,20856
16178,44409
406,35669
38727,6813
50972,2396
22725,47362
56397,45846
11177,12830
54650,44418
45495,39256
23290,57563
63347,23651
5623,34562
50877,52978
45955,47551
58764,34737
10094,45910
43823,23112
53576,651
14473,36248
17216,29716
56312,57368
23936,15631
24519,30742
62328,37610
4010,951
59725,48394
35048,57299
42843,56388
4351,27828
11868,10315
47488,6632
23294,35034
64400,52770
21235,20315
42125,23498
23082,42925
22459,25161
2135,15504
32013,36718
45630,25729
43193,14632
56206,47182
34960,43698
63375,47643
8085,32797
12712,60119
42587,28099
22078,10797
44227,9912
23009,37386
11530,59156
22010,9953
39138,12042
48549,3344
49884,45079
50655,53303
40993,17781
43743,25803
18365,40250
33273,28921
55998,11107
18829,5586
37548,61013
33981,7503
43728,28089
58273,28659
4591,21120
35378,24549
24211,46363
4231,9490
30895,54328
24871,52571
45837,20860
51011,44468
47896,23061
11034,53216
25294,54281
14635,39606
37736,61510
58119,42772
57932,31269
19041,16851
30967,13830
50411,38659
27090,55465
46373,58915
24185,31496
12634,35358
50442,49509
42349,49970
37649,55721
29255,10624
41233,16767
45843,42924
11431,49770
41090,27786
25284,23779
24015,3184
41982,45532
30450,58614
5809,59033
8339,42848
5103,37412
11108,23694
25731,10927
25102,54977
28541,42634
32324,15820
64042,33863
62614,26283
1220,45465
13913,58550
49099,9122
7024,4203
2196,16264
38625,18161
39331,29635
34561,27411
22564,13413
6254,47114
63691,34336
26996,17652
41796,33689
22378,13659
38089,15009
17124,6704
1891,41190
28881,35471
33316,26540
29649,32827
63992,62450
61084,26173
7985,17661
37967,16053
32487,4836
38452,20939
36010,43146
47738,25379
12371,61377
34889,21084
16197,46966
57033,58912
44036,8953
61659,2629
7615,59132
11297,50710
33808,54770
62658,18645
17092,35771
57210,3006
7145,38126
62918,35629
62244,56913
61946,28491
49043,44271
53657,8850
9475,50149
23867,3375
57302,33960
24370,10435
3801,35439
12873,53345
48576,50982
45547,52285
17301,8779
26422,54031
33811,53137
20855,1618
61512,53671
54958,12787
52261,52375
33455,12181
27727,12022
59195,15768
7985,17661
59458,45018
29807,63182
27369,23339
8598,61093
28490,45122
31545,44850
21621,22807
4039,43316
15265,22693
51134,31647
29631,49496
40461,52461
34711,22375
737,59658
25894,55265
10836,52053
53438,26543
43036,10721
29453,25366
34226,27858
37611,29513
46887,18823
14005,28993
1346,46504
29210,49221
20629,44085
4038,35503
46782,9260
24950,9964
61213,19883
4402,10214
29812,56540
31293,37792
49059,39891
23610,45009
50112,41024
43707,55752
24235,63585
49233,10771
18601,60143
12471,47057
34496,51514
42174,30173
139,10122
25560,9950
34050,53950
3747,2002
49176,24630
60304,59838
47714,10671
27332,6372
4849,39869
28821,43029
51187,26147
15157,47353
47961,15028
62818,45691
63465,59395
31470,25157
25952,29001
15246,12700
50609,8578
57678,29243
41571,50896
4023,22658
46250,35129
13364,44975
44831,47093
59742,17634
2631,62695
34410,46830
34744,49026
23253,14561
3746,29481
638,2331
50400,50830
14190,29142
26664,36687
23503,19760
57281,59654
1271,45260
60889,50212
12646,16037
9385,58578
30637,19559
39941,40298
41848,52258
30212,54898
62659,15995
21469,11070
367,5599
29491,26664
57414,36796
36017,19385
18325,55730
43470,23754
59081,1228
57676,52482
3264,58233
23151,969
27477,2732
12894,54674
39362,56946
15774,38298
62738,4596
33172,51952
43250,48279
24796,2845
22775,27621
21918,41494
50596,26023
29691,50236
37261,38803
14057,41416
22412,50989
58447,60192
25438,50332
8224,55255
11753,10399
30153,32660
40170,55216
42752,6886
4292,17884
8922,37919
57077,16080
3851,11561
1125,61942
20340,14245
14143,48324
20099,44564
33093,25246
29589,37488
16133,45632
2323,22439
41671,33006
4577,60456
8842,33569
9430,54400
30243,2463
14350,20678
9601,53012
32659,21748
54392,7897
27299,6989
4983,55744
2320,2556
23879,21493
58645,61876
14327,42638
60976,53757
47950,440
7670,27693
15597,25317
8729,12372
35640,36387
26047,48006
58978,29048
15269,30532
20553,35480
63606,40815
50256,60167
23433,41412
31914,29847
48559,12878
62987,4978
42191,42061
22764,5323
7516,41624
38202,34138
46168,21004
42885,18024
44181,22213
45562,13995
9334,58894
44158,54963
18203,37589
64090,49092
12392,24303
30880,54033
60371,18764
4719,24847
36086,43382
26143,607
24282,5672
15886,1291
47860,45603
32140,29540
37770,11858
54665,31459
36360,26640
62864,2492
42493,62574
44168,15050
17299,17602
32728,59582
7166,3114
54907,31054
58189,10195
62108,64424
6043,6161
58178,55243
57269,50747
6689,59096
678,44543
31808,21134
9611,9072
12816,8515
14486,18692
12386,43806
47448,29807
3348,60638
38014,53361
21695,6083
61262,759
24484,59505
3704,53919
45732,41919
9286,33633
52096,21417
40710,5299
19997,39896
42109,6059
52478,33269
10926,1535
42261,17024
21355,9506
4450,42159
61047,62727
3943,25566
58839,7995
23856,26369
2897,28435
23338,56601
30790,15047
19435,3079
62003,61548
44657,28540
22375,22889
59964,35830
35059,172
54178,25761
128,28912
19383,48370
42193,30685
38723,9488
5443,14427
37857,38511
61575,28574
3473,41370
21208,63310
5581,46400
50693,42983
63317,37500
49391,31448
25808,50169
9967,15275
24837,49274
26979,45297
35236,46659
4250,1047
35160,28331
3930,56711
46870,62182
27392,51485
59819,46765
17042,20943
54896,55435
7818,18301
11826,28274
53695,1871
4113,28528
45876,54532
19920,12870
53779,63604
2805,53104
36079,13453
24627,11206
51228,23221
39116,2264
58956,23432
24954,6740
1278,48587
38637,41709
512,42917
16588,33997
24763,19061
22215,59429
27393,58390
24071,439
47169,57844
27299,6989
11358,8083
21088,25415
27480,9985
24489,20523
4381,47672
321,50179
57507,3097
17328,15751
7368,30492
38454,37020
51787,12127
52681,36233
55513,57569
28027,5626
59833,34444
7957,51320
18507,57664
63836,27217
22384,31155
11592,399
811,20623
44066,35447
33676,5361
37356,47845
47496,59171
50795,53670
62432,20265
11150,42751
33545,25983
42906,56745
50546,28420
60199,41621
38490,3144
12686,49519
13104,52332
35912,35277
35674,57115
12666,19906
12947,22878
46120,31024
32401,24710
38515,37568
38929,60369
40032,6228
6650,3823
6167,61679
15879,3754
44349,62161
29454,8917
51518,6326
38858,18414
21623,982
61389,48864
45236,7457
40602,9248
35275,12975
51289,28761
35858,21871
38326,47993
40356,33139
44127,64401
20341,39654
61565,39135
14326,54102
49203,14877
57543,28212
30942,48393
55423,18546
55642,42710
15838,34450
33429,26252
29461,41189
56691,10074
62296,51734
6595,11747
55484,53512
56936,58438
52018,6070
57429,14807
10384,2215
35122,35134
33344,22234
3693,27477
8485,38297
21777,6236
34383,12235
44712,36302
33406,49340
30557,32278
25023,15865
31698,45564
61946,28491
2242,40956
1673,11328
35886,4952
48656,45339
57124,25865
26971,19560
60962,51760
11037,60423
40649,23043
58797,51255
62060,16617
61496,38153
55390,27782
40034,51800
34506,6614
34886,35855
20718,60563
37907,29169
53961,17255
46439,11861
471,30927
46425,24602
21666,53674
62956,50922
7824,21431
63792,8626
61370,32536
63191,35847
58429,46207
62925,24866
40882,43728
33905,219
1473,4488
45057,298
43960,39373
24733,18748
14244,5471
33276,49256
23296,27199
14855,45579
59800,35712
3357,32655
36373,892
58350,45151
57976,35517
63447,36719
39067,44557
56857,53653
5685,20693
28389,49839
61382,64358
27549,57684
7790,35078
39762,36634
39888,24775
59256,31845
7762,17684
14692,58509
18185,28261
64265,8723
34427,39402
54591,59796
53769,36639
799,8682
3287,6655
15592,51052
44125,30499
32496,59210
51415,22344
57379,45164
54299,23356
54668,15560
56217,34570
35974,22167
26317,4928
6582,38832
10241,58230
59079,28137
50849,26618
40220,7067
58197,36680
38210,49237
62726,29740
9507,23899
35374,58526
60534,32224
24598,52208
8835,32130
34108,22756
57966,21103
47863,39822
27042,30633
46262,14394
20315,23514
46839,5678
61624,44059
44553,36050
13966,59490
44964,48911
43694,62969
39987,44765
36448,51622
18687,47839
20503,28734
31853,58354
29358,26668
8931,58018
13913,58550
829,5254
53266,50930
60739,5986
16845,587
22297,28775
25390,51811
91,22659
54121,59932
17482,28976
11367,2392
40182,39268
30487,56552
40938,60052
46113,12024
2525,57209
50316,9364
55610,8616
58197,36680
27340,31489
24431,51673
56938,37294
5529,35459
21598,36317
3429,53065
50995,43764
40409,45172
33278,1292
21284,9415
8052,27076
33086,38506
22331,61736
31844,30843
56260,29666
7764,43717
23709,60419
2684,62551
57557,338
5100,54678
55828,21667
22559,25907
36993,62723
46664,3653
37567,48932
35865,57896
3127,32809
57426,60324
25267,43958
11923,14213
24262,51559
46216,56864
408,18298
8895,28809
29750,50363
12912,39073
60637,43962
42529,39853
38578,13822
52677,20552
30887,19369
27156,36925
30866,14239
30270,63077
54059,13579
52153,8039
64177,42288
44924,1632
57644,3750
18250,58949
42112,7854
12951,42997
62752,35399
34441,5750
24258,60370
15984,18363
40341,54990
38197,11577
1780,29260
50503,25977
37596,2533
47528,25974
38778,15620
13767,29275
4938,55613
45890,19984
63688,53976
47820,16119
3139,25544
35040,47925
53784,2991
6300,45996
42089,19196
19202,54624
50265,43775
18864,2615
34986,19241
3324,55015
2364,55936
58404,4136
21116,53852
44667,38640
37122,43533
23185,47646
51740,34545
42028,2176
13415,21755
32022,62920
37932,36592
4768,61494
62157,55402
53214,54726
39681,36539
52129,21706
25156,49374
9054,50708
56646,14598
39549,42862
36231,13686
24863,60784
45435,14622
11058,23887
57418,33839
29907,4861
18517,11360
45182,48200
21338,45218
63731,38510
58668,1768
52906,5027
26281,5698
51315,21754
44612,19840
19488,18828
61290,48591
3763,24088
52776,62237
44418,52772
24795,36920
45405,59346
27130,16929
25154,32607
46498,57530
19978,62519
19928,12435
7014,23301
10586,8677
62128,45621
58668,1768
55782,53251
15994,35663
20112,11433
19820,7843
32485,1587
48528,42817
20844,37664
36541,29906
1373,36617
27763,28770
40223,12099
63237,44446
57339,31041
61465,11447
53550,40794
44551,36955
32795,34874
45158,4406
21989,39773
18747,48858
30204,8250
62696,6298
1676,3686
18157,47084
16811,42868
39139,37693
22854,35942
33650,34969
41524,43231
11811,30664
15847,63661
2242,40956
55869,12311
27777,25384
14938,4401
58534,5645
42098,59508
37439,4262
45752,23322
38275,5726
22346,5088
20329,16809
20945,55640
28867,28120
56102,63888
29654,9084
13731,42093
56669,18890
64335,44809
17666,54440
1149,44597
4469,28759
6221,39681
45316,34459
60819,27809
55640,22230
54676,61656
26515,42852
58300,47950
468,26950
44647,30676
27758,4114
17414,2818
39799,17877
39521,22823
18697,54420
33145,34687
18963,62350
30345,3122
8606,5404
7465,54868
6523,3476
36481,13569
4229,52869
20274,26671
22235,1267
1529,51348
52501,31214
18668,29894
1331,19310
13130,8370
41772,24177
24654,47617
26066,14466
54353,23110
36174,57578
31793,8567
40201,9583
53050,13675
52212,50264
15602,49944
11234,7233
30191,23618
28463,24865
22046,12962
10889,10515
34993,4004
60516,50765
23444,59160
37600,12297
56597,13671
60960,2480
38239,39037
59390,62083
32538,60060
56454,32556
8388,5736
14113,1190
56502,31278
28010,26375
46615,25578
59225,34624
16584,48951
45435,14622
60194,62853
48285,57435
50358,43718
18855,7127
63805,31749
22435,3236
44958,16979
25124,5902
11094,57481
28583,50003
10890,39823
54741,6168
26333,28251
39201,7059
41162,26096
29493,50106
34508,12244
28324,58880
491,5508
4133,33608
35047,2805
55006,63230
11718,44045
14464,226
51347,1439
39142,32086
21915,61331
11283,48772
23980,3939
32808,35857
47605,28467
44786,37968
12170,24715
37867,63345
26857,26857
61173,21060
1411,52151
58678,22914
16714,27206
49571,44234
55131,49326
56701,29053
8732,11630
33893,59748
24422,60124
7296,63711
47797,42108
24851,52467
25954,22263
2213,3366
36500,44139
37727,6474
50113,15932
52145,55922
49819,2204
44416,46672
38647,50634
10474,52952
40635,44775
60499,4528
554,13427
33460,57427
30090,19730
53779,63604
2458,49825
32003,59393
32085,30777
13145,59443
34693,10535
59620,33663
58766,41302
59828,47185
30890,25559
36747,61419
44652,20692
51784,37988
12850,47545
31442,29935
30589,55190
30782,34067
26693,25232
41103,29572
28768,4353
32784,58820
16022,23253
53554,61815
38632,25741
57908,4733
29483,45006
63762,17580
26461,60572
58885,62483
6664,1357
31400,44239
39777,51543
59962,25197
53947,27353
59901,51817
32196,4276
9757,57090
18248,15678
63623,37460
26545,31831
35824,20381
18861,13853
27475,24675
30560,46114
26235,42860
23141,18680
30284,10912
53710,22777
57241,52006
897,24909
4625,8223
40732,53693
1709,28837
3563,2616
63760,23898
54339,39611
49690,22831
33813,38270
41796,33689
60718,32250
59963,35250
57702,3429
33203,39180
20362,48138
7010,35887
10719,3941
7392,48843
11749,57451
44578,34622
14217,41418
59423,402
16450,50374
29038,32543
10713,34427
2734,32978
10188,7126
21152,2017
28984,5861
53154,13262
47636,42191
58296,11395
50607,23035
20668,30637
36704,37942
5234,14580
8796,17333
4791,29228
62791,40456
3730,55505
46657,43763
29745,42361
35031,4710
